GUA$AAA,S
UGAGUA$GAAAU,S
CCGAGUA$GAAAC,S
UAAGUA$GAAAU,S
UCAGUA$GAACC,S
UAGUA$GAAA,S
GAGUAC$GAAA,S
UUAGUA$GAAGC,S
UCAGUA$GAAGC,S
AUGAGUA$GAAAGG,S
UUAGUA$GAACC,S
AAAA$GAGUA,S
AAGUA$GAAA,S
UUAGUA$GAAUA,S
GGAGUA$AAGA,S
AAGAGUA$GAAGGCA,S
UAGUA$GAAC,S
AGGUA$AAAUA,S
GGAGUA$GAGA,S
CGACC$CAGUAC,S
GAGUAU$GAAA,S
GAC$GGUA,S
AGGUA$GAAUG,S
GGGUA$GAAUA,S
UAGUA$GAAU,S
AAGUA$GAAGCAACG,S
GAACU$UAAGUA,S
AGAACU$UUAGUAC,S
AAGAAC$CAGUAGAA,S
CAGUA$GAAC,S
GAGUAC$AAAA,S
GACC$CAGUA,S
AUAGUA$GAAG,S
AUGUA$GAA,S
GAACU$UCAGUA,S
UUAGUA$GAAAC,S
GUA$GAA,S
GAGUA$GAAA,S
