GAACA,G
GCAG,G
GUAUA,G
GCACA,G
AGCC,G
GAUGA,G
GAAGA,G
GAGA,G
AAAA,G
GUAACA,G
GCGGC,G
UGACAC,G
GUAGUC,G
UUCG,G
CAGAA,G
GACG,G
GUUAUG,G
UCAC,G
GUAA,G
GGCGAAA,G
AAGG,G
GGAA,G
GAUAA,G
UUAAUAC,G
GAAG,G
GACA,G
GCAU,G
GUAAG,G
CACC,G
AAAC,G
UUAAAA,G
AGAAAU,G
GUAG,G
GAGC,G
GUGAGA,G
GCUAAC,G
UUGACUA,G
UCAA,G
UUGAGAGC,G
AAGC,G
GAAAG,G
UAACA,G
GAUAAG,G
GCGA,G
GCAGAA,G
GAGUA,G
GGGA,G
GCAGCA,G
UAAC,G
GAAUA,G
GUUCA,G
UAACG,G
GGAAC,G
GUGA,G
CACCGU,G
GAGAA,G
UAAUA,G
CUCAA,G
UAAA,G
GGCA,G
GAAC,G
GUAAUA,G
GCAA,G
CUGCAA,G
GAAAU,G
UAGC,G
CAAA,G
GCAUA,G
GGCGA,G
GAAGAA,G
GACAA,G
GACGA,G
CUACAA,G
UGAGAAU,G
GCGG,G
UCGAACA,G
CGAAAA,G
UGAA,G
GAAGUA,G
GAAA,G
GGAG,G
GAUAAC,G
GUGGCU,G
CAACU,G
