GGAAU$GAGAU,K
GGA$AGAGAU,K
AGA$CAUGAC,K
GGAA$AGGAA,K
AAUGAU$UGA,K
GGA$UUUGAU,K
GAAGACA$CGA,K
UAUGAA$GGA,K
GACGAU$GGA,K
UAAGACA$CGA,K
AUCGAU$GGA,K
UGA$UGUGAU,K
GAUGAA$GGA,K
CAA$GAUGAC,K
GGA$GUUGAA,K
GACGAA$CGA,K
AUCA$UUCAAC,K
AUGGAA$GGA,K
UGA$CGUGAU,K
GGAGAA$GGA,K
GAA$AAUGU,K
CGA$GUUUGAC,K
AGA$GACGAA,K
UAUGAG$AAA,K
UUC$CCACG,K
GAUGA$GA,K
AAGACA$AAUGAC,K
GGUGAA$GA,K
GGA$GAGGAU,K
GGAG$CGACCUUGAAAUAC,K
AUUA$GACGAU,K
UAAGGAUU$UUGAUU,K
CGAUGAA$UGAA,K
GUA$GUAGAG,K
AGUA$GCAGAUA,K
GGA$GAUGAA,K
UUUGAA$GGA,K
CCAGACA$CGA,K
UAA$GUUAUAA,K
CUAGACA$CGA,K
AUCA$GACGAC,K
GA$AAUGA,K
GA$GCGAAA,K
GUUGAA$GGA,K
UGUGAA$GGA,K
UGAA$CGAUGAA,K
CGA$UUUGAC,K
UGCGAA$GGA,K
AAUGA$GA,K
GGA$UAUGAA,K
GA$GAGAAA,K
GA$ACAAA,K
GAAGAA$GGA,K
GGA$GAAGAA,K
GGA$GUGGAU,K
UGUGAU$UGA,K
