UAUGAA$GGA,K
GUA$GCA,A
GUA$AAA,S
GGAAU$GAGAU,K
U$CAC,C
UAA$UAU,A
CGAA$AA,C
GAUGAA$GGA,K
UGAGUA$GAAAU,S
GAA$AAUGU,K
UAA$GAA,A
UGUGAU$UGA,K
AA$CUG,M
AC$AC,M
GA$GAGAAA,K
UUC$CCACG,K
CU$UU,M
GA$ACAAA,K
UGUGAA$GGA,K
CUC$C,C
CUUGAA$GGA,K
CUUG$CUUG,M
CC$AC,M
CCGAGUA$GAAAC,S
GA$GAA,A
GAA$UAA,A
UAAGUA$GAAAU,S
UGA$GAAA,A
CAA$GAA,A
GGAAU$GAGAG,K
CGA$UUUGAC,K
UAUGAG$AAA,K
CCAGACA$CGA,K
AUAA$GAAA,A
CU$UA,M
UCAGUA$GAACC,S
GGA$GUUGAA,K
GA$GCGAAA,K
CGAUGAA$UGAA,K
UAGUA$GAAA,S
AAUGAU$UGA,K
GUUGAA$GGA,K
GAU$UAA,A
AGA$GG,M
UG$GC,M
GAGUAC$GAAA,S
GAAGAA$GGA,K
UU$UU,M
GGAA$AGGAA,K
UUAGUA$GAAGC,S
AUCA$GACGAC,K
CAC$A,C
UGA$CGUGAU,K
GGA$GAUGAA,K
AGUA$GCAGAUA,K
GA$AAUGA,K
UAA$GAAAU,A
UCAGUA$GAAGC,S
GAA$G,C
GAUGA$GA,K
AUGAGUA$GAAAGG,S
GAA$A,C
CAA$GAAA,A
AUAGACA$CGA,K
AAGGA$AG,M
UUAGUA$GAACC,S
AGA$GACGAA,K
AAGACA$AAUGAC,K
GUA$GA,A
GUAA$GAAA,A
CAA$GAUGAC,K
UAA$CAU,A
AUCGAU$GGA,K
UUA$GAA,A
AAAA$GAGUA,S
GGA$GUGGAU,K
UA$GA,M
AAGUA$GAAA,S
UUAGUA$GAAUA,S
UG$AC,M
GGAGAA$GGA,K
AUGGAA$GGA,K
GGAGUA$AAGA,S
AUUA$GACGAU,K
UAA$GAAA,A
AUAA$GAAG,A
AA$GG,M
AAGAGUA$GAAGGCA,S
AC$CC,M
UAGUA$GAAC,S
AGGUA$AAAUA,S
UAAGACA$CGA,K
GAA$GA,A
GCAGAA$GGA,K
GGAGUA$GAGA,S
CAC$G,C
GUA$GUA,A
UU$GU,M
GAAGACA$CGA,K
UC$UU,M
CGACC$CAGUAC,S
UGAA$CGAUGAA,K
CU$CC,M
GUA$GUAGAG,K
UC$CU,M
GAGUAU$GAAA,S
CC$CC,M
GGA$GAGGAU,K
GG$GCA,A
GAC$GGUA,S
AGGUA$GAAUG,S
CC$CCC,C
GGA$UUUGAU,K
GGGUA$GAAUA,S
GAUG$CUAA,A
UAGUA$GAAU,S
CGC$U,C
UU$GC,M
AAGUA$GAAGCAACG,S
GAACU$UAAGUA,S
AGAACU$UUAGUAC,S
GA$GA,M
UGA$UGUGAU,K
AAUGA$GA,K
CAA$G,C
UAAGGAUU$UUGAUU,K
CAA$GCA,A
AAGAAC$CAGUAGAA,S
CAGUA$GAAC,S
GGA$UAUGAA,K
GAGUAC$AAAA,S
GGG$AA,M
CAC$AA,C
UA$GAA,A
UAA$GAU,A
GGUGAA$GA,K
GGA$GAAGAA,K
AGA$CAUGAC,K
GACC$CAGUA,S
AUCA$GACCAC,K
GAA$GG,A
CGA$GUUUGAC,K
CA$AA,M
AUAGUA$GAAG,S
GACGAA$CGA,K
AUGUA$GAA,S
AUCA$UUCAAC,K
UAA$GAG,A
CU$CU,M
CAC$C,C
CUA$UUGGAC,K
GACGAU$GGA,K
GU$GA,M
UU$UC,M
GA$CA,M
GAACU$UCAGUA,S
UUAGUA$GAAAC,S
GUA$UUAGAA,K
GUA$GAA,S
CUC$U,C
GAGUA$GAAA,S
CUAGACA$CGA,K
