UG$AC,M
CU$CU,M
GGGUA$AAAUA,S
UAA$GAA,A
CAA$GAAA,A
CC$UU,M
CUA$UUGGAC,K
AUAA$GAAG,A
UAGUA$GAAU,S
GAAGACA$CGA,K
UUAGUA$GAAGC,S
GGA$GGA,A
GAAGAA$GGA,K
CUUGAA$GGA,K
GGA$GUAGAA,K
CAA$G,C
AA$CUG,M
GAACU$UAAGUA,S
CC$UA,M
GA$GCGAAA,K
UU$GC,M
GGGUA$GAAUA,S
AG$AA,M
CGACC$CAGUAC,S
CUC$U,C
AC$CC,M
CCAGACA$CGA,K
GA$GCA,A
UA$GA,M
GAA$G,C
UGAGUA$GAAAU,S
AUCA$GACCAC,K
CGA$UUUGAC,K
UUC$CCACG,K
AAUGA$GA,K
GUA$GCA,A
UUAGUAA$CGAACC,S
GAGUAU$GAAA,S
UAAGACA$CGA,K
GA$GAA,A
AAGUA$GAAGCAACG,S
AUGGAA$GGA,K
CC$CC,M
GAC$GGUA,S
AGGUA$AAAUA,S
AAGACA$AAUGAC,K
CAA$GCA,A
GAA$GG,A
CA$AA,M
CAC$C,C
CAGUA$GAAC,S
GGA$GAUGAA,K
UAA$UAU,A
CAC$AA,C
GGUGAA$GA,K
CU$UU,M
AUCA$GACGAC,K
CGAA$AA,C
CGA$GUUUGAC,K
AUCA$GGUAAC,K
GAUGA$GA,K
UGA$UGUGAU,K
UAA$GAAAU,A
UA$GAA,A
GAA$AAUGU,K
GGAGUA$AAGA,S
AUAA$GAAA,A
CAC$G,C
UG$GC,M
GAGUAC$GAAA,S
AAUGAU$UGA,K
GA$GAGAAA,K
GACGAA$CGA,K
AGUA$GCAGAUA,K
GGA$GAAGAA,K
AAGAGUA$GAAGGCA,S
GAUGAA$GGA,K
UUAGUA$GAAUA,S
UAA$GAAA,A
UC$CU,M
UGUGAA$GGA,K
GAA$GA,A
U$CAC,C
AUAGACA$CGA,K
CC$CCC,C
GAA$A,C
CAC$A,C
GAA$CAUGU,K
UU$UU,M
CC$AC,M
GUA$GAA,S
UAA$GAU,A
UAGUA$GAAA,S
GGAAU$GAGAG,K
GUAA$GAAA,A
GAAA$GAGUA,S
GGA$GUGGAU,K
GG$GCA,A
GGG$AA,M
UCA$UUGGAU,K
CAA$GAA,A
GGAGUA$GAGA,S
UUAGUA$GAACC,S
GACC$CAGUA,S
GUA$UUAGAA,K
UGUGAU$UGA,K
GA$AAUGA,K
GGA$GUUGAA,K
GGA$GAGGAU,K
GGAGAA$GGA,K
AGA$CAUGAC,K
UGAA$CGAUGAA,K
GA$ACAAA,K
AAAA$GAGUA,S
UC$UU,M
AAGGA$AG,M
GAACU$UCAGUA,S
GAUG$CUAA,A
AUGAGUA$GAAAGG,S
AUCGAU$GGA,K
GUA$GUA,A
UAUGAG$AAA,K
UUA$GAA,A
AGA$GG,M
GAA$UAA,A
GCAGAA$GGA,K
GUA$GA,A
UAA$GUUAUAA,K
UGAAUU$UUAGUCA,S
UU$GU,M
GAGUA$GAAA,S
UCAGUA$GAACC,S
CCGAGUA$GAAAC,S
CUC$C,C
GA$GA,M
UCAGUA$GAAGC,S
AUAGUA$GAAG,S
CGC$U,C
AAGUA$GAAA,S
GGAA$AGGAA,K
GUUGAA$GGA,K
UCAGUA$GAACA,S
UAA$GAAG,A
GUA$AAA,S
UU$UC,M
UAA$CAU,A
GU$GA,M
GAGUAC$AAAA,S
GGA$UUUGAU,K
UGA$CGUGAU,K
AUCA$UUCAAC,K
AGAACU$UUAGUAC,S
UAA$GAG,A
AUUA$GACGAU,K
GACGAU$GGA,K
AAGAAC$CAGUAGAA,S
AGA$GACGAA,K
AUGUA$GAA,S
GUA$GUAGAG,K
UAAGUA$GAAAU,S
CU$UA,M
AC$AC,M
CAA$GAUGAC,K
GA$GG,M
GC$AA,M
GAU$UAA,A
UGA$GAAA,A
CGAUGAA$UGAA,K
CUUG$CUUG,M
GGA$UAUGAA,K
UAC$UAU,A
GAAA$UAGUA,S
CUAGACA$CGA,K
AGGUA$GAAUG,S
UAUGAA$GGA,K
UAGUA$GAAC,S
CU$CC,M
AA$GG,M
AAA$GAUGU,K
GA$CA,M
UUAGUA$GAAAC,S
