GAAA$UAGUA,S
CAGUA$GAAC,S
AAGUA$GAAA,S
AAGAGUA$GAAGGCA,S
AGGUA$GAAUG,S
UUAGUA$GAAAC,S
UAGUA$GAAC,S
GAAA$GAGUA,S
UUAGUA$GAAUA,S
AUGAGUA$GAAAGG,S
GGAGUA$GAGA,S
GAGUAC$GAAA,S
UGAGUA$GAAAU,S
GUGAGUA$GAAAU,S
GAGUA$GAAA,S
UAAGUA$GAAAU,S
GAACU$UCAGUA,S
GGGUA$GAAUA,S
GGGUA$AAAUA,S
GACC$CAGUA,S
CGACC$CAGUAC,S
AUAGUA$GAAG,S
GAGUAC$AAAA,S
GUA$GAA,S
AGAACU$UUAGUAC,S
UCAGUA$GAACA,S
CCGAGUA$GAAAC,S
UUAGUAA$CGAACC,S
UAGUA$GAAU,S
AGGUA$AAAUA,S
GAGUAU$GAAA,S
AAGUA$GAAGCAACG,S
AAAA$GAGUA,S
UUAGUA$GAACC,S
GAACU$UAAGUA,S
UCAGUA$GAAGC,S
UAGUA$GAAA,S
UCAGUA$GAACC,S
AAGAAC$CAGUAGAA,S
UGAAUU$UUAGUCA,S
GUA$AAA,S
UUAGUA$GAAGC,S
GGAGUA$AAGA,S
AUGUA$GAA,S
GAC$GGUA,S
