UUC$CCACG,K
UAUGAG$AAA,K
CGA$GUUUGAC,K
GAAGAA$GGA,K
GGAA$AGGAA,K
AGA$CAUGAC,K
GAA$AAUGU,K
GA$ACAAA,K
CGA$UUUGAC,K
AUCGAU$GGA,K
AUAGACA$CGA,K
GGA$GAAGAA,K
AUCA$GGUAAC,K
GGA$GUGGAU,K
CUAGACA$CGA,K
GA$GAGAAA,K
GA$GCGAAA,K
AAUGA$GA,K
GGAAU$GAGAG,K
GAA$CAUGU,K
GGA$GUUGAA,K
UAA$GUUAUAA,K
GACGAA$CGA,K
AGUA$GCAGAUA,K
UGAA$CGAUGAA,K
UCA$UUGGAU,K
UGUGAU$UGA,K
UAAGACA$CGA,K
GAUGA$GA,K
GUA$UUAGAA,K
GACGAU$GGA,K
CGAUGAA$UGAA,K
AGA$GACGAA,K
UGUGAA$GGA,K
AUGGAA$GGA,K
UGA$CGUGAU,K
UAUGAA$GGA,K
GUA$GUAGAG,K
CAA$GAUGAC,K
GAUGAA$GGA,K
GGA$GAUGAA,K
AAGACA$AAUGAC,K
AUCA$UUCAAC,K
CUA$UUGGAC,K
GGA$GUAGAA,K
CCAGACA$CGA,K
AAA$GAUGU,K
GGA$UUUGAU,K
GUUGAA$GGA,K
AUCA$GACGAC,K
GCAGAA$GGA,K
GAAGACA$CGA,K
GA$AAUGA,K
AUCA$GACCAC,K
UGA$UGUGAU,K
CUUGAA$GGA,K
AAUGAU$UGA,K
GGA$GAGGAU,K
AUUA$GACGAU,K
GGA$UAUGAA,K
GGAGAA$GGA,K
GGUGAA$GA,K
