UGAA,G
GACA,G
GCGGC,G
AAAA,G
AGCC,G
GAGC,G
AGAAAU,G
GGCGAAA,G
GAUAAC,G
CUACAA,G
GCAA,G
GAUAA,G
CAACU,G
AAGC,G
GCGA,G
GAACA,G
GAUAAG,G
GAAA,G
GUAAG,G
CACC,G
GAGUA,G
GAUGA,G
GAAUA,G
GUAGUC,G
GAAGAA,G
GUAG,G
GCAUA,G
GGAAC,G
GGAG,G
UCAA,G
CAGAA,G
UUCG,G
AAAC,G
GAAGA,G
GCUAAC,G
GAAAU,G
GCAGCA,G
CGAAAA,G
CAAA,G
CUCAA,G
GAAGUA,G
GUGA,G
UCAC,G
UAAA,G
GCACA,G
UGAGAAU,G
UUAAAA,G
GCAGAA,G
GUAAUA,G
GUAA,G
UUCAA,G
UAACA,G
GCGG,G
GGCGA,G
UCGAACA,G
CUGCAA,G
UUAAUAC,G
GCAG,G
UUGACUA,G
GAGAA,G
GACGA,G
UUGAGAGC,G
GCAU,G
GUGAGA,G
UGACAC,G
UAAC,G
UAGC,G
GGAA,G
UAACG,G
GAAAG,G
GGCA,G
GUUCA,G
GACAA,G
UAAUA,G
GACG,G
GUAUA,G
GAGA,G
GUAACA,G
GAAG,G
GAAC,G
GUGGCU,G
GUUAUG,G
AAGG,G
GGGA,G
